cik,company,year,accession,section_name,sentence_ordinal,sentence_text,annotator_a,annotator_a_tags,annotator_b,annotator_b_tags,adjudicated_status,final_tags,resolved_by,resolved_at,n_comments,adjudication_comments
0001327811,"Workday, Inc.",2025,0001327811-25-000056,Item 1 - Business,121,"capability for configuration, integration, security, scalability, and reliability of applications; operational excellence to ensure system availability, scalability, and performance; ability to innovate and rapidly respond to customer needs, such as the integration of AI into product offerings; domain and industry expertise in applicable laws and regulations; size of customer base and level of user adoption; customer confidence in financial stability and future viability; existing relationships with key senior business leaders; and; ability to integrate with legacy enterprise infrastructure and third-party applications.",Amali Oakley,Risk · Competitive · Other,Joseline Viveros,,resolved,,Amali Oakley,2026-09-21T20:37:14.343923,2,"Joseline Viveros (2026-09-19T15:46:00.916758): I did not tag this as a risk since it is not mentioning a risk directly but more like listing it, and even the context sentence is saying this is favorable. | Amali Oakley (2026-09-21T20:37:10.655768): agree"
0001327811,"Workday, Inc.",2025,0001327811-25-000056,Item 1 - Business,198,"These laws and regulations, which may differ among jurisdictions, include, among others, those related to financial and other disclosures, accounting standards, privacy and data protection, cybersecurity, intellectual property, AI ethics and machine learning, corporate governance, tax, government contracting, trade, antitrust, employment, immigration and travel, import/export, and anti-corruption.",Amali Oakley,Mitigation · Governance & Oversight · Overall Risk Management & Governance Plan · S1,Joseline Viveros,Risk · Legal · Uncertainty & Complexity,resolved,Risk · Legal · Uncertainty & Complexity,Amali Oakley,2026-09-21T20:36:58.235333,1,Joseline Viveros (2026-09-19T15:46:22.208661): same as last years note
0001327811,"Workday, Inc.",2025,0001327811-25-000056,Item 1A - Risk Factors,224,"any compromise of our information technology systems or security measures (including of our critical suppliers and service partners), or the unauthorized access of customer or user data; any slowdown or failure of our technical operations infrastructure, including our data centers and computing infrastructure operated by third parties, or the impact of service outages or delays in the deployment of our applications, or the failure of our applications to perform properly; privacy concerns and evolving domestic or foreign laws and regulations; the impact of continuing global economic and geopolitical volatility; any loss of key employees or the inability to attract, develop, and retain highly skilled employees; our ability to compete effectively in the intensely competitive markets in which we participate; our reliance on our network of partners to drive additional growth of our revenues; exposure to risks inherent to sales to customers outside the United States or with international operations; any dissatisfaction of our users with the deployment, training, and support services provided by us and our partners; the fluctuation of our quarterly results; our ability to realize a return on our current development efforts or offer new features, enhancements, and modifications to our products and services, and our ability to realize a return on the investments we have made toward entering new markets and new lines of business; delays in the reflection of downturns or upturns in new sales in our operating results associated with long sales cycles and our subscription model; our ability to predict the rate of customer subscription renewals or adoptions; new and evolving technologies such as AI; any adverse litigation results; our ability to successfully integrate our applications with third-party technologies; our ability to realize the expected business or financial benefits of company, employee, or technology acquisitions; any failure to protect our intellectual property rights or any lawsuits against us for alleged infringement of third-party proprietary rights; government contracts and related procurement regulations; our existing and future debt obligations; and; the limited ability of third parties to influence corporate matters due to our dual class structure and to seek a merger, tender offer, or proxy contest due to Delaware law and provisions in our organizational documents. 8.",Amali Oakley,"Risk · AI Safety (General, Broad)",Joseline Viveros,Risk · Legal · IP & Copyright,resolved,"Risk · AI Safety (General, Broad)",Joseline Viveros,2026-09-19T15:46:35.543997,1,Joseline Viveros (2026-09-19T15:46:30.865716): I agree
0001327811,"Workday, Inc.",2025,0001327811-25-000056,Item 1A - Risk Factors,286,"The markets for enterprise cloud applications, including AI-powered solutions, are highly competitive, with relatively low barriers to entry for some applications or services.",Amali Oakley,Risk · Competitive · Market Share Uncertainty,Joseline Viveros,,resolved,Risk · Competitive · Market Share Uncertainty,Joseline Viveros,2026-09-19T15:47:05.649614,1,Joseline Viveros (2026-09-19T15:46:57.121125): i agree
0001327811,"Workday, Inc.",2025,0001327811-25-000056,Item 1A - Risk Factors,294,"In addition, other cloud or AI platform companies that provide services in different target markets or industries may develop applications or acquire companies that operate in our target markets or industries, and some potential customers may elect to develop their own internal applications.",Amali Oakley,Risk · Competitive · Market Share Uncertainty,Joseline Viveros,,resolved,Risk · Competitive · Market Share Uncertainty,Joseline Viveros,2026-09-19T15:47:30.771409,1,Joseline Viveros (2026-09-19T15:47:24.017433): i agree
0001327811,"Workday, Inc.",2025,0001327811-25-000056,Item 1A - Risk Factors,296,"Furthermore, our current or potential competitors may be acquired by, or merge with, third parties with greater available resources and the ability to initiate or withstand substantial price competition.",Amali Oakley,Risk · Competitive · Market Share Uncertainty,Joseline Viveros,,unresolved,,,,0,
0001327811,"Workday, Inc.",2025,0001327811-25-000056,Item 1A - Risk Factors,297,Our competitors may also establish cooperative relationships among themselves or with third parties that may further enhance their offerings or resources.,Amali Oakley,Risk · Competitive · Market Share Uncertainty,Joseline Viveros,,unresolved,,,,0,
0001327811,"Workday, Inc.",2025,0001327811-25-000056,Item 1A - Risk Factors,298,"Many of our competitors also have major distribution agreements with consultants, system integrators, and resellers and such partners may prefer to maintain their existing relationships with competitors.",Amali Oakley,Risk · Competitive · Market Share Uncertainty,Joseline Viveros,,unresolved,,,,0,
0001327811,"Workday, Inc.",2025,0001327811-25-000056,Item 1A - Risk Factors,325,"the need to develop, localize, and adapt our applications and customer support for specific countries; the need to successfully develop and execute on a localized go-to-market strategy; the need to adhere to local laws and regulations, including those related to data localization, privacy, and anti-corruption; difficulties in appropriately staffing and managing foreign operations and providing appropriate compensation for local markets; difficulties in leveraging executive presence and maintaining company culture globally; different pricing environments, longer sales cycles, and longer trade receivables payment cycles, and collections issues; new and different sources of competition; potentially weaker protection for intellectual property and other legal rights than in the United States and practical difficulties in enforcing intellectual property and other rights; laws, customs, and business practices favoring local competitors; restrictive governmental actions focused on cross-border trade, such as import and export restrictions, duties, quotas, tariffs, trade disputes, and barriers or sanctions, that may prevent us from offering certain portions of our products or services to a particular market, may increase our operating costs or may subject us to monetary fines or penalties; compliance challenges related to the complexity of multiple, conflicting, and changing governmental laws and regulations, including employment, tax, privacy, intellectual property, financial services, AI, and data protection laws and regulations; increased compliance costs related to government regulatory reviews or audits, including those related to international cybersecurity and environmental, social, and governance (“ESG”) requirements; increased financial accounting and reporting burdens and complexities; the effects of currency fluctuations on our revenues and expenses and customer demand for our services; restrictions on the transfer of funds; adverse tax consequences and tax rulings; and; unstable economic and political conditions.",Amali Oakley,"Risk · AI Safety (General, Broad)",Joseline Viveros,Risk · Legal · Compliance costs/burdens,resolved,"Risk · AI Safety (General, Broad)",Joseline Viveros,2026-09-19T15:50:11.065051,1,Joseline Viveros (2026-09-19T15:50:07.544395): i agree
0001327811,"Workday, Inc.",2025,0001327811-25-000056,Item 1A - Risk Factors,352,"The use of new and evolving technologies in our offerings at Workday, including AI, may result in reputational harm and increased litigation, and adversely affect our operating results.",Amali Oakley,Risk · Legal · Uncertainty & Complexity; Risk · Reputational · Individual or Organizational Reputation,Joseline Viveros,Risk · Reputational · Individual or Organizational Reputation,resolved,Risk · Reputational · Individual or Organizational Reputation; Risk · Legal · Uncertainty & Complexity,Joseline Viveros,2026-09-19T15:50:49.751950,1,Joseline Viveros (2026-09-19T15:50:33.091189): i agree
0001327811,"Workday, Inc.",2025,0001327811-25-000056,Item 1A - Risk Factors,354,"As with many cutting-edge innovations, these technologies can present new risks and challenges.",Amali Oakley,"Risk · AI Safety (General, Broad)",Joseline Viveros,,resolved,"Risk · AI Safety (General, Broad)",Joseline Viveros,2026-09-19T15:51:28.449531,1,Joseline Viveros (2026-09-19T15:51:21.890218): i missed this
0001327811,"Workday, Inc.",2025,0001327811-25-000056,Item 1A - Risk Factors,355,"A quickly evolving technical, legal, and regulatory environment may cause us to incur increased research and development costs, or divert resources from other development efforts, to address ethical, legal, operational, or compliance requirements or other issues related to AI.",Amali Oakley,Risk · Legal · Compliance costs/burdens,Joseline Viveros,,resolved,Risk · Legal · Compliance costs/burdens,Joseline Viveros,2026-09-19T15:52:19.893461,1,Joseline Viveros (2026-09-19T15:52:14.235633): i agree
0001327811,"Workday, Inc.",2025,0001327811-25-000056,Item 1A - Risk Factors,356,"For example, the European Union’s (“EU”) AI Act (“EU AI Act”) puts new requirements on providers of AI technologies and we are currently analyzing the EU AI Act to ensure compliance in alignment with various deadlines in the coming years.",Amali Oakley,Mitigation · Governance & Oversight · Overall Risk Management & Governance Plan · S3,Joseline Viveros,,resolved,Mitigation · Governance & Oversight · Overall Risk Management & Governance Plan · S3,Joseline Viveros,2026-09-22T21:33:02.684813,2,"Joseline Viveros (2026-09-19T16:10:59.871381): I did not tag because I didnt know if ""analyzing"" = ""mitigation"" but I can see how you tagged it | Amali Oakley (2026-09-21T20:36:14.095181): I did because it went on to say ensure compliance ?? lmk"
0001327811,"Workday, Inc.",2025,0001327811-25-000056,Item 1A - Risk Factors,360,"To the extent that our products and technologies rely on the use of large language models provided by third parties, we may face additional uncertainties and liabilities.",Amali Oakley,Risk · Legal · Uncertainty & Complexity,Joseline Viveros,,resolved,Risk · Legal · Uncertainty & Complexity,Joseline Viveros,2026-09-19T15:51:06.959315,1,Joseline Viveros (2026-09-19T15:51:01.051361): yes
0001327811,"Workday, Inc.",2025,0001327811-25-000056,Item 1A - Risk Factors,364,"In addition, regardless of outcome, these types of claims could cause reputational harm to our brand, including our ability to sell newly acquired products that use AI.",Amali Oakley,,Joseline Viveros,Risk · Reputational · Individual or Organizational Reputation,resolved,Risk · Reputational · Individual or Organizational Reputation,Amali Oakley,2026-09-21T20:35:02.411891,2,Joseline Viveros (2026-09-19T15:53:47.889838): i tagged bc mentions reputational harm due to the use of products with AI | Amali Oakley (2026-09-21T20:34:55.996136): agree
0001327811,"Workday, Inc.",2025,0001327811-25-000056,Item 1A - Risk Factors,380,"For example, AI is propelling advancements in technology, but if we fail to innovate and keep up with advancements in AI technology, if Workday Illuminate solutions fail to be delivered as planned or at all, fail to operate as expected or to meet customer expectations, or if we do not have sufficient access to development resources and the technologies required to build and improve our applications, our business and reputation may be harmed.",Amali Oakley,Risk · Competitive · Market Share Uncertainty,Joseline Viveros,Risk · Reputational · Individual or Organizational Reputation,resolved,Risk · Competitive · Market Share Uncertainty; Risk · Reputational · Individual or Organizational Reputation,Joseline Viveros,2026-09-19T15:54:51.206185,1,Joseline Viveros (2026-09-19T15:54:28.698409): I think it can be both tags
0001327811,"Workday, Inc.",2025,0001327811-25-000056,Item 1A - Risk Factors,385,"We have and may continue to experience reputational harm from, among other things, the introduction of new products, features, or services that do not meet customer expectations; our use of new and evolving technologies, including AI; service outages or disruptions; issues with product quality or performance; backlash from customers, government entities, or other stakeholders that disagree with our product offering decisions or public policy, ethical, or political positions; significant litigation or regulatory actions that negatively reflect on our business practices; and data security breaches or compliance failures.",Amali Oakley,Risk · Reputational · Individual or Organizational Reputation,Joseline Viveros,Risk · Sociotechnical · Privacy & Security; Risk · Reputational · Individual or Organizational Reputation,resolved,Risk · Reputational · Individual or Organizational Reputation,Joseline Viveros,2026-09-19T15:56:25.378940,1,Joseline Viveros (2026-09-19T15:56:15.441624): upon second reading the privacy issue is not directly tied to AI
0001327811,"Workday, Inc.",2025,0001327811-25-000056,Item 1A - Risk Factors,403,"inability or difficulty integrating the intellectual property, technology infrastructure, and operations of the acquired business, including difficulty in addressing security risks of the acquired business; inability to retain key personnel or challenges in integrating the workforce from the acquired company, including the inability to maintain our culture and values; acquisition-related costs, liabilities, or tax impacts, some of which may be unanticipated; difficulty in leveraging the data of the acquired business if it includes personal data; a failure to maintain the information systems of an acquired business, which could increase the risk of a security breach of such system; a failure to implement, restore, or maintain controls, procedures, or policies at the acquired company and an increased risk of non-compliance; multiple product lines or service offerings as a result of our acquisitions that are offered, priced, and supported differently, as well as the potential for such acquired product lines and service offerings to impact the profitability of existing products; the opportunity cost of diverting management and financial resources away from other products, services, and strategic initiatives; difficulties and additional expenses associated with synchronizing product offerings, customer relationships, and contract portfolio terms and conditions between Workday and the acquired business; unknown liabilities or risks associated with the acquired businesses, including those arising from existing contractual obligations or litigation matters; adverse effects on our brand or existing business relationships with business partners and customers as a result of the acquisition, including integrating acquired technologies and a delay in market acceptance of and difficulty in transitioning new and existing customers to acquired product lines or services; risks and challenges presented by the use of innovative technologies that we acquire, such as AI; potential write-offs of acquired assets and potential financial and credit risks associated with acquired customers; inability to maintain relationships with key customers, suppliers, and partners of the acquired business; difficulty in predicting and controlling the effect of integrating multiple acquisitions concurrently; lack of experience in new markets, products, or technologies; difficulty in integrating operations and assets of an acquired foreign entity with differences in language, culture, or country-specific currency and regulatory risks; the inability to obtain (or a material delay in obtaining) regulatory approvals necessary to complete transactions or to integrate operations, or potential remedies imposed by regulatory authorities as a condition to or following the completion of a transaction, which may include divestitures, ownership or operational restrictions or other structural or behavioral remedies; and; the failure of strategic acquisitions to perform as expected or to meet financial projections, which may be heightened due to recent macroeconomic events and market volatility.",Amali Oakley,"Risk · AI Safety (General, Broad)",Joseline Viveros,Risk · Legal · IP & Copyright,resolved,"Risk · AI Safety (General, Broad)",Joseline Viveros,2026-09-19T15:56:47.973289,1,Joseline Viveros (2026-09-19T15:56:42.957640): i agree
0001327811,"Workday, Inc.",2025,0001327811-25-000056,Item 1A - Risk Factors,459,"Additionally, as AI technologies, including generative AI models, develop rapidly, threat actors are using these technologies to create sophisticated new attack methods that are increasingly automated, targeted, and coordinated and more difficult to defend against.",Amali Oakley,Risk · Sociotechnical · Privacy & Security,Joseline Viveros,Risk · Sociotechnical · Malicious Actors / Misuse,resolved,Risk · Sociotechnical · Malicious Actors / Misuse,Amali Oakley,2026-09-21T20:34:41.313152,2,Joseline Viveros (2026-09-19T15:58:11.727845): since this sentence mentions actors using new attack methods I tagged as malicious actors | Amali Oakley (2026-09-21T20:34:34.009140): agree
0001327811,"Workday, Inc.",2025,0001327811-25-000056,Item 1A - Risk Factors,542,"Unfavorable laws, regulations, interpretive positions, or standards governing new and evolving technologies that we incorporate into our products and services, including those involving AI uses, could result in significant cost and compliance challenges and adversely affect our business and operating results.",Amali Oakley,Risk · Legal · Compliance costs/burdens,Joseline Viveros,Risk · Competitive · Investment Cost & Uncertainty,resolved,Risk · Legal · Compliance costs/burdens,Joseline Viveros,2026-09-19T15:58:51.666501,1,Joseline Viveros (2026-09-19T15:58:45.386796): Yes i added the wrong tag
0001327811,"Workday, Inc.",2025,0001327811-25-000056,Item 1A - Risk Factors,548,"For example, the technologies underlying AI and its uses are subject to a variety of laws and regulations, including those governing intellectual property, privacy, data protection cybersecurity, consumer protection, competition, and equal opportunity, and are expected to be subject to new laws and regulations or new applications of existing laws and regulations.",Amali Oakley,Risk · Legal · Uncertainty & Complexity,Joseline Viveros,,resolved,Risk · Legal · Uncertainty & Complexity,Joseline Viveros,2026-09-19T16:00:18.632411,1,Joseline Viveros (2026-09-19T16:00:11.581345): I did not see legal uncertainty but I can see complexity
0001327811,"Workday, Inc.",2025,0001327811-25-000056,Item 1A - Risk Factors,549,"AI is the subject of ongoing review by various U.S. governmental and regulatory agencies, and various U.S. states and other foreign jurisdictions are applying, or are considering applying, their cybersecurity, data protection, and product safety laws to AI and its uses or are considering general legal frameworks for AI and its uses, such as the EU AI Act.",Amali Oakley,Risk · Legal · Uncertainty & Complexity,Joseline Viveros,,resolved,Risk · Legal · Uncertainty & Complexity,Joseline Viveros,2026-09-19T16:01:30.629459,1,Joseline Viveros (2026-09-19T16:01:24.301917): i agree
0001327811,"Workday, Inc.",2025,0001327811-25-000056,Item 1A - Risk Factors,550,"Any failure by us to comply with applicable laws, regulations, guidance, or other rules could result in costly litigation, penalties, or fines.",Amali Oakley,,Joseline Viveros,Risk · Legal · Compliance costs/burdens,resolved,,Joseline Viveros,2026-09-22T21:31:40.120696,2,"Joseline Viveros (2026-09-19T16:02:42.536986): although it is not a sandwich I thought it was directly talking about the AI laws mentioned in the sentence before, but lmk | Amali Oakley (2026-09-21T20:34:11.414712): I still wouldn't tag bc not sandwich"
