cik,company,year,accession,section_name,sentence_ordinal,sentence_text,has_ai_keyword,matched_keywords,annotator_name,kind,category,subcategory,strength,note,status,disputed,pair_disputed,group_id,spans_n_sentences,context_sentence_ordinals,context_sentence_text,adjudicated_status,final_kind,final_category,final_subcategory,final_strength,final_tags
0001944048,Kenvue Inc.,2025,0001944048-25-000033,Item 16 - 10-K Summary,16,"Our ability to expand globally, implement our digital strategy, and respond appropriately to competitive pressure, including from private-label brands and generic non-branded products, market trends, increased costs, and customer and consumer preferences; The rapidly changing retail landscape, including our dependence on key retailers, policies of our customers, the emergence of e-commerce and other alternative retail channels, and challenges with innovation and research and development; Product reliability, safety, and/or efficacy concerns, whether or not based on scientific or factual evidence, potentially resulting in governmental investigations, regulatory action (including, but not limited to, the shutdown of manufacturing facilities, product relabeling or withdrawal of product from the market), private claims and lawsuits, significant remediation and related costs, safety alerts, product shortages, product recalls, declining sales, reputational damage, and share price impact;; The potential that the expected benefits and opportunities from the 2024 Multi-Year Restructuring Initiative (as defined in Note 19, “Restructuring Expenses and Operating Model Optimization Initiatives,” to the Consolidated Financial Statements included herein) or any other planned or completed restructuring, cost-saving, or other strategic initiative, acquisition, or divestiture may not be realized or may take longer to realize than expected;; Our ability to establish, maintain, protect, and enforce intellectual property rights, as well as address the threats of counterfeit and other unauthorized versions of our products; Allegations that our products infringe the intellectual property rights of third parties; The impact of negative publicity and failed marketing efforts; Difficulties and delays in manufacturing, internally or within the supply chain, that may lead to business interruptions, product shortages, withdrawals or suspensions of products from the market, and potential regulatory action;; Our reliance on third-party relationships, global supply chains, and production and distribution processes, which may adversely affect supply, sourcing, and pricing of materials used in our products, and impact our ability to forecast product demand; Interruptions, breakdowns, invasions, corruptions, destruction, and breaches of our information technology or operational technology systems or those of a third party; Uncertainty in the development, deployment, use, and regulation of artificial intelligence in our internal processes, manufacturing operations, products and services, as well as our business more broadly; The potential for labor disputes, strikes, work stoppages, and similar labor relations matters, and the impact of minimum wage increases; Our ability to attract and retain talented, highly skilled employees and to implement succession plans for our senior management; Climate change, extreme weather, and natural disasters, or legal, regulatory or market measures to address climate change. 3",true,artificial intelligence,Naomi Ichiriu,Risk,Legal,Uncertainty & Complexity,,,done,true,true,,1,,,disputed,,,,,
0001944048,Kenvue Inc.,2025,0001944048-25-000033,Item 1A - Risk Factors,345,"Uncertainty in the development, deployment, use, and regulation of artificial intelligence in our internal processes, manufacturing operations, products, and services, as well as our business more broadly, could adversely affect us.",true,artificial intelligence,Naomi Ichiriu,Risk,Legal,Uncertainty & Complexity,,,done,true,true,,1,,,disputed,,,,,
0001944048,Kenvue Inc.,2025,0001944048-25-000033,Item 1A - Risk Factors,345,"Uncertainty in the development, deployment, use, and regulation of artificial intelligence in our internal processes, manufacturing operations, products, and services, as well as our business more broadly, could adversely affect us.",true,artificial intelligence,Yesenia Garcia,Risk,"AI Safety (General, Broad)",-,,,done,true,true,,1,,,disputed,,,,,
0001944048,Kenvue Inc.,2025,0001944048-25-000033,Item 1A - Risk Factors,460,"Effective implementation of our digital strategy has required, and will require, significant investments in our digital platforms, including information technology systems, and significant development and expansion of our digital capabilities, including data science, data analytics, artificial intelligence, machine learning, natural language processing, and other developing and emerging platforms.",true,artificial intelligence; data science; machine learning; natural language processing,Naomi Ichiriu,Risk,Competitive,Market Share Uncertainty,,,done,true,true,,1,,,disputed,,,,,
0001944048,Kenvue Inc.,2025,0001944048-25-000033,Item 1A - Risk Factors,466,"Uncertainty in the development, deployment, use and regulation of artificial intelligence in our internal processes, manufacturing operations, products and services, as well as our business more broadly, could adversely affect us.",true,artificial intelligence,Naomi Ichiriu,Risk,Legal,Uncertainty & Complexity,,,done,true,true,,1,,,disputed,,,,,
0001944048,Kenvue Inc.,2025,0001944048-25-000033,Item 1A - Risk Factors,466,"Uncertainty in the development, deployment, use and regulation of artificial intelligence in our internal processes, manufacturing operations, products and services, as well as our business more broadly, could adversely affect us.",true,artificial intelligence,Yesenia Garcia,Risk,"AI Safety (General, Broad)",-,,,done,true,true,,1,,,disputed,,,,,
0001944048,Kenvue Inc.,2025,0001944048-25-000033,Item 1A - Risk Factors,468,"As with many new and emerging technologies, artificial intelligence presents numerous risks and challenges that could adversely affect our business.",true,artificial intelligence,Naomi Ichiriu,Risk,Legal,Uncertainty & Complexity,,,done,true,true,,1,,,disputed,,,,,
0001944048,Kenvue Inc.,2025,0001944048-25-000033,Item 1A - Risk Factors,468,"As with many new and emerging technologies, artificial intelligence presents numerous risks and challenges that could adversely affect our business.",true,artificial intelligence,Yesenia Garcia,Risk,"AI Safety (General, Broad)",-,,,done,true,true,,1,,,disputed,,,,,
0001944048,Kenvue Inc.,2025,0001944048-25-000033,Item 1A - Risk Factors,469,"The development, adoption, integration, and use of generative artificial intelligence technology remains in early stages, and ineffective or inadequate artificial intelligence governance, development, use, or deployment practices by us or third parties could result in unintended consequences.",true,artificial intelligence; generative,Naomi Ichiriu,Risk,Legal,Uncertainty & Complexity,,,done,true,true,,1,,,disputed,,,,,
0001944048,Kenvue Inc.,2025,0001944048-25-000033,Item 1A - Risk Factors,469,"The development, adoption, integration, and use of generative artificial intelligence technology remains in early stages, and ineffective or inadequate artificial intelligence governance, development, use, or deployment practices by us or third parties could result in unintended consequences.",true,artificial intelligence; generative,Yesenia Garcia,Risk,"AI Safety (General, Broad)",-,,,done,true,true,,1,,,disputed,,,,,
0001944048,Kenvue Inc.,2025,0001944048-25-000033,Item 1A - Risk Factors,470,"In addition, any latency, disruption, or failure in our artificial intelligence systems or infrastructure could result in delays or errors in our offerings.",true,artificial intelligence,Naomi Ichiriu,Risk,"AI Safety (General, Broad)",-,,,done,true,true,,1,,,disputed,,,,,
0001944048,Kenvue Inc.,2025,0001944048-25-000033,Item 1A - Risk Factors,471,"Inadequate governance, testing, or quality assurance processes could result in flawed deployments, producing erroneous or harmful outputs, which could damage our reputation and lead to regulatory complications and legal liabilities.",false,,Naomi Ichiriu,Risk,Sociotechnical,Human-centered,,,done,true,true,,1,,,disputed,,,,,
0001944048,Kenvue Inc.,2025,0001944048-25-000033,Item 1A - Risk Factors,471,"Inadequate governance, testing, or quality assurance processes could result in flawed deployments, producing erroneous or harmful outputs, which could damage our reputation and lead to regulatory complications and legal liabilities.",false,,Naomi Ichiriu,Risk,Legal,Uncertainty & Complexity,,,done,true,true,,1,470,"In addition, any latency, disruption, or failure in our artificial intelligence systems or infrastructure could result in delays or errors in our offerings.",disputed,,,,,
0001944048,Kenvue Inc.,2025,0001944048-25-000033,Item 1A - Risk Factors,472,"Developing, testing, and deploying resource-intensive artificial intelligence systems may require additional investment and increase our costs.",true,artificial intelligence,Naomi Ichiriu,Risk,Competitive,Investment Cost & Uncertainty,,,done,true,true,,1,,,disputed,,,,,
0001944048,Kenvue Inc.,2025,0001944048-25-000033,Item 1A - Risk Factors,473,"There also may be real or perceived social harm, environmental costs, unfairness, or other outcomes that undermine public confidence in and approval of the deployment and use of artificial intelligence.",true,artificial intelligence,Naomi Ichiriu,Risk,Sociotechnical,Human-centered,,,done,true,true,,1,,,disputed,,,,,
0001944048,Kenvue Inc.,2025,0001944048-25-000033,Item 1A - Risk Factors,473,"There also may be real or perceived social harm, environmental costs, unfairness, or other outcomes that undermine public confidence in and approval of the deployment and use of artificial intelligence.",true,artificial intelligence,Naomi Ichiriu,Risk,Sociotechnical,Environmental,,,done,true,false,,1,,,disputed,,,,,
0001944048,Kenvue Inc.,2025,0001944048-25-000033,Item 1A - Risk Factors,473,"There also may be real or perceived social harm, environmental costs, unfairness, or other outcomes that undermine public confidence in and approval of the deployment and use of artificial intelligence.",true,artificial intelligence,Naomi Ichiriu,Risk,Legal,Uncertainty & Complexity,,,done,true,true,,1,,,disputed,,,,,
0001944048,Kenvue Inc.,2025,0001944048-25-000033,Item 1A - Risk Factors,473,"There also may be real or perceived social harm, environmental costs, unfairness, or other outcomes that undermine public confidence in and approval of the deployment and use of artificial intelligence.",true,artificial intelligence,Yesenia Garcia,Risk,Sociotechnical,Environmental,,,done,true,false,,1,,,disputed,,,,,
0001944048,Kenvue Inc.,2025,0001944048-25-000033,Item 1A - Risk Factors,474,"Furthermore, third parties may deploy artificial intelligence technologies in a manner that reduces customer demand for our products and services.",true,artificial intelligence,Naomi Ichiriu,Risk,Competitive,Market Share Uncertainty,,,done,false,false,,1,,,agreed,,,,,
0001944048,Kenvue Inc.,2025,0001944048-25-000033,Item 1A - Risk Factors,474,"Furthermore, third parties may deploy artificial intelligence technologies in a manner that reduces customer demand for our products and services.",true,artificial intelligence,Yesenia Garcia,Risk,Competitive,Market Share Uncertainty,,,done,false,false,,1,,,agreed,,,,,
0001944048,Kenvue Inc.,2025,0001944048-25-000033,Item 1A - Risk Factors,475,"Any of the foregoing may result in decreased demand for our products and services or harm to our business, financial condition, results of operations, or reputation.",false,,Naomi Ichiriu,Risk,Reputational,Individual or Organizational Reputation,,,done,true,true,,1,474,"Furthermore, third parties may deploy artificial intelligence technologies in a manner that reduces customer demand for our products and services.",disputed,,,,,
0001944048,Kenvue Inc.,2025,0001944048-25-000033,Item 1A - Risk Factors,475,"Any of the foregoing may result in decreased demand for our products and services or harm to our business, financial condition, results of operations, or reputation.",false,,Naomi Ichiriu,Risk,Competitive,Market Share Uncertainty,,,done,true,true,,1,474,"Furthermore, third parties may deploy artificial intelligence technologies in a manner that reduces customer demand for our products and services.",disputed,,,,,
0001944048,Kenvue Inc.,2025,0001944048-25-000033,Item 1A - Risk Factors,476,"The legal, regulatory and ethics landscapes around the use of artificial intelligence technologies, including generative artificial intelligence, is rapidly evolving and uncertain, including in relation to the areas of intellectual property, cybersecurity, and privacy and data protection.",true,artificial intelligence; cybersecurity; generative,Naomi Ichiriu,Risk,Legal,Uncertainty & Complexity,,,done,true,false,,1,,,disputed,,,,,
0001944048,Kenvue Inc.,2025,0001944048-25-000033,Item 1A - Risk Factors,476,"The legal, regulatory and ethics landscapes around the use of artificial intelligence technologies, including generative artificial intelligence, is rapidly evolving and uncertain, including in relation to the areas of intellectual property, cybersecurity, and privacy and data protection.",true,artificial intelligence; cybersecurity; generative,Naomi Ichiriu,Risk,Sociotechnical,Human-centered,,,done,true,true,,1,,,disputed,,,,,
0001944048,Kenvue Inc.,2025,0001944048-25-000033,Item 1A - Risk Factors,476,"The legal, regulatory and ethics landscapes around the use of artificial intelligence technologies, including generative artificial intelligence, is rapidly evolving and uncertain, including in relation to the areas of intellectual property, cybersecurity, and privacy and data protection.",true,artificial intelligence; cybersecurity; generative,Naomi Ichiriu,Risk,Legal,IP & Copyright,,,done,true,true,,1,,,disputed,,,,,
0001944048,Kenvue Inc.,2025,0001944048-25-000033,Item 1A - Risk Factors,476,"The legal, regulatory and ethics landscapes around the use of artificial intelligence technologies, including generative artificial intelligence, is rapidly evolving and uncertain, including in relation to the areas of intellectual property, cybersecurity, and privacy and data protection.",true,artificial intelligence; cybersecurity; generative,Naomi Ichiriu,Risk,Sociotechnical,Privacy & Security,,,done,true,true,,1,,,disputed,,,,,
0001944048,Kenvue Inc.,2025,0001944048-25-000033,Item 1A - Risk Factors,476,"The legal, regulatory and ethics landscapes around the use of artificial intelligence technologies, including generative artificial intelligence, is rapidly evolving and uncertain, including in relation to the areas of intellectual property, cybersecurity, and privacy and data protection.",true,artificial intelligence; cybersecurity; generative,Yesenia Garcia,Risk,Legal,Uncertainty & Complexity,,,done,true,false,,1,,,disputed,,,,,
0001944048,Kenvue Inc.,2025,0001944048-25-000033,Item 1A - Risk Factors,477,"While we continue to implement our artificial intelligence governance based on the National Institute of Standards and Technology Artificial Intelligence Risk Management Framework, the use of artificial intelligence tools may compromise our confidential or sensitive information, result in unauthorized processing of personal data, put our intellectual property at risk or cause us to infringe on others’ intellectual property rights, which could in turn damage our reputation.",true,artificial intelligence,Naomi Ichiriu,Mitigation,Governance & Oversight,Overall Risk Management & Governance Plan,2,,done,true,true,,1,,,disputed,,,,,
0001944048,Kenvue Inc.,2025,0001944048-25-000033,Item 1A - Risk Factors,477,"While we continue to implement our artificial intelligence governance based on the National Institute of Standards and Technology Artificial Intelligence Risk Management Framework, the use of artificial intelligence tools may compromise our confidential or sensitive information, result in unauthorized processing of personal data, put our intellectual property at risk or cause us to infringe on others’ intellectual property rights, which could in turn damage our reputation.",true,artificial intelligence,Naomi Ichiriu,Risk,Legal,IP & Copyright,,,done,true,false,,1,,,disputed,,,,,
0001944048,Kenvue Inc.,2025,0001944048-25-000033,Item 1A - Risk Factors,477,"While we continue to implement our artificial intelligence governance based on the National Institute of Standards and Technology Artificial Intelligence Risk Management Framework, the use of artificial intelligence tools may compromise our confidential or sensitive information, result in unauthorized processing of personal data, put our intellectual property at risk or cause us to infringe on others’ intellectual property rights, which could in turn damage our reputation.",true,artificial intelligence,Naomi Ichiriu,Risk,Reputational,Individual or Organizational Reputation,,,done,true,true,,1,,,disputed,,,,,
0001944048,Kenvue Inc.,2025,0001944048-25-000033,Item 1A - Risk Factors,477,"While we continue to implement our artificial intelligence governance based on the National Institute of Standards and Technology Artificial Intelligence Risk Management Framework, the use of artificial intelligence tools may compromise our confidential or sensitive information, result in unauthorized processing of personal data, put our intellectual property at risk or cause us to infringe on others’ intellectual property rights, which could in turn damage our reputation.",true,artificial intelligence,Yesenia Garcia,Risk,Sociotechnical,Privacy & Security,,,done,true,true,,1,,,disputed,,,,,
0001944048,Kenvue Inc.,2025,0001944048-25-000033,Item 1A - Risk Factors,477,"While we continue to implement our artificial intelligence governance based on the National Institute of Standards and Technology Artificial Intelligence Risk Management Framework, the use of artificial intelligence tools may compromise our confidential or sensitive information, result in unauthorized processing of personal data, put our intellectual property at risk or cause us to infringe on others’ intellectual property rights, which could in turn damage our reputation.",true,artificial intelligence,Yesenia Garcia,Risk,Legal,IP & Copyright,,,done,true,false,,1,,,disputed,,,,,
0001944048,Kenvue Inc.,2025,0001944048-25-000033,Item 1A - Risk Factors,478,"Additionally, third parties that license artificial intelligence technologies to us may impose unfavorable licensing terms or terminate the licenses altogether which would require us to seek licenses from alternative sources to avoid disruptions in feature delivery.",true,artificial intelligence,Naomi Ichiriu,Risk,Competitive,Market Share Uncertainty,,,done,true,true,,1,,,disputed,,,,,
0001944048,Kenvue Inc.,2025,0001944048-25-000033,Item 1A - Risk Factors,478,"Additionally, third parties that license artificial intelligence technologies to us may impose unfavorable licensing terms or terminate the licenses altogether which would require us to seek licenses from alternative sources to avoid disruptions in feature delivery.",true,artificial intelligence,Yesenia Garcia,Risk,Legal,Uncertainty & Complexity,,,done,true,true,,1,,,disputed,,,,,
0001944048,Kenvue Inc.,2025,0001944048-25-000033,Item 1A - Risk Factors,479,"Compliance with new or changing laws, regulations, or industry standards relating to artificial intelligence may impose significant operational costs and may limit our ability to develop, deploy, or use artificial intelligence technologies. 21",true,artificial intelligence,Naomi Ichiriu,Risk,Competitive,Investment Cost & Uncertainty,,,done,true,true,,1,,,disputed,,,,,
0001944048,Kenvue Inc.,2025,0001944048-25-000033,Item 1A - Risk Factors,479,"Compliance with new or changing laws, regulations, or industry standards relating to artificial intelligence may impose significant operational costs and may limit our ability to develop, deploy, or use artificial intelligence technologies. 21",true,artificial intelligence,Naomi Ichiriu,Risk,Competitive,Market Share Uncertainty,,,done,true,true,,1,,,disputed,,,,,
0001944048,Kenvue Inc.,2025,0001944048-25-000033,Item 1A - Risk Factors,479,"Compliance with new or changing laws, regulations, or industry standards relating to artificial intelligence may impose significant operational costs and may limit our ability to develop, deploy, or use artificial intelligence technologies. 21",true,artificial intelligence,Naomi Ichiriu,Risk,Legal,Uncertainty & Complexity,,,done,true,true,,1,,,disputed,,,,,
0001944048,Kenvue Inc.,2025,0001944048-25-000033,Item 1A - Risk Factors,479,"Compliance with new or changing laws, regulations, or industry standards relating to artificial intelligence may impose significant operational costs and may limit our ability to develop, deploy, or use artificial intelligence technologies. 21",true,artificial intelligence,Yesenia Garcia,Risk,Legal,Compliance costs/burdens,,,done,true,true,,1,,,disputed,,,,,
0001944048,Kenvue Inc.,2025,0001944048-25-000033,Item 1A - Risk Factors,480,"Failure to appropriately respond to this evolving landscape may result in legal liability, regulatory action, or brand and reputational harm.",false,,Naomi Ichiriu,Risk,Legal,Uncertainty & Complexity,,,done,true,true,,1,479,"Compliance with new or changing laws, regulations, or industry standards relating to artificial intelligence may impose significant operational costs and may limit our ability to develop, deploy, or use artificial intelligence technologies. 21",disputed,,,,,
0001944048,Kenvue Inc.,2025,0001944048-25-000033,Item 1A - Risk Factors,480,"Failure to appropriately respond to this evolving landscape may result in legal liability, regulatory action, or brand and reputational harm.",false,,Naomi Ichiriu,Risk,Reputational,Individual or Organizational Reputation,,,done,true,true,,1,479,"Compliance with new or changing laws, regulations, or industry standards relating to artificial intelligence may impose significant operational costs and may limit our ability to develop, deploy, or use artificial intelligence technologies. 21",disputed,,,,,
0001944048,Kenvue Inc.,2025,0001944048-25-000033,Item 1C - Cybersecurity,1044,"Our cybersecurity organization continually evaluates and addresses cybersecurity risk in alignment with our business objectives to address the evolving regulatory landscape and emerging risks, including those resulting from geopolitical shifts and technological innovations such as the growth of cloud technologies and artificial intelligence.",true,CYBERSECURITY; artificial intelligence,Yesenia Garcia,Risk,"AI Safety (General, Broad)",-,,,done,true,true,,1,,,resolved,Risk,"AI Safety (General, Broad)",-,,"Risk · AI Safety (General, Broad)"
