cik,company,year,accession,section_name,sentence_ordinal,sentence_text,has_ai_keyword,matched_keywords,annotator_name,kind,category,subcategory,strength,note,status,disputed,pair_disputed,group_id,spans_n_sentences,context_sentence_ordinals,context_sentence_text,adjudicated_status,final_kind,final_category,final_subcategory,final_strength,final_tags,doc_id,annotation_id,annotator_id,resolved_to_none,resolved_by,resolved_at,n_comments,adjudication_comments,strength_disputed,filing_finalized,adjudication_done_at,archived
0000315189,DEERE & CO,2025,0001104659-25-122321,Item 1A - Risk Factors,407,"availability of test equipment,; development of complex software,; hiring and training of qualified personnel,; training our dealers and their technicians,; identification of emerging technological trends,; compliance requirements regarding data privacy and artificial intelligence, and; customer acceptance and the pace of adoption of our products and technologies, which with respect to some of our solutions and subscription models, has been slower than we expected.",true,artificial intelligence,Naomi Ichiriu,Risk,Legal,Compliance costs/burdens,,,done,true,true,,1,,,disputed,,,,,,2687,7292,9,false,,,0,,false,false,,false
0000315189,DEERE & CO,2025,0001104659-25-122321,Item 1A - Risk Factors,413,"In addition, artificial intelligence technologies have rapidly developed, and our business may be adversely affected if we cannot successfully integrate the technology into our internal business processes, products, and services in a timely, cost-effective, compliant, and responsible manner.",true,artificial intelligence,Naomi Ichiriu,Risk,Legal,Compliance costs/burdens,,,done,true,true,,1,,,disputed,,,,,,2687,7293,9,false,,,0,,false,false,,false
0000315189,DEERE & CO,2025,0001104659-25-122321,Item 1A - Risk Factors,413,"In addition, artificial intelligence technologies have rapidly developed, and our business may be adversely affected if we cannot successfully integrate the technology into our internal business processes, products, and services in a timely, cost-effective, compliant, and responsible manner.",true,artificial intelligence,Naomi Ichiriu,Risk,Competitive,Investment Cost & Uncertainty,,,done,true,false,,1,,,disputed,,,,,,2687,7294,9,false,,,0,,false,false,,false
0000315189,DEERE & CO,2025,0001104659-25-122321,Item 1A - Risk Factors,413,"In addition, artificial intelligence technologies have rapidly developed, and our business may be adversely affected if we cannot successfully integrate the technology into our internal business processes, products, and services in a timely, cost-effective, compliant, and responsible manner.",true,artificial intelligence,Yesenia Garcia,Risk,Competitive,Investment Cost & Uncertainty,,,done,true,false,,1,,,disputed,,,,,,2687,9682,10,false,,,0,,false,false,,false
0000315189,DEERE & CO,2025,0001104659-25-122321,Item 1A - Risk Factors,508,"Technical or regulatory limitations may impact our ability to effectively implement automation, autonomy, and artificial intelligence solutions.",true,artificial intelligence,Naomi Ichiriu,Risk,Legal,Uncertainty & Complexity,,,done,false,false,,1,,,agreed,,,,,,2687,7296,9,false,,,0,,false,false,,false
0000315189,DEERE & CO,2025,0001104659-25-122321,Item 1A - Risk Factors,508,"Technical or regulatory limitations may impact our ability to effectively implement automation, autonomy, and artificial intelligence solutions.",true,artificial intelligence,Yesenia Garcia,Risk,Legal,Uncertainty & Complexity,,,done,false,false,,1,,,agreed,,,,,,2687,9683,10,false,,,0,,false,false,,false
0000315189,DEERE & CO,2025,0001104659-25-122321,Item 1A - Risk Factors,514,"Additionally, if we are unable to match or surpass the advances of artificial intelligence that our competitors implement for their products or for internal operations, our competitive position could be impacted.",true,artificial intelligence,Naomi Ichiriu,Risk,Competitive,Market Share Uncertainty,,,done,true,false,,1,,,disputed,,,,,,2687,7297,9,false,,,0,,false,false,,false
0000315189,DEERE & CO,2025,0001104659-25-122321,Item 1A - Risk Factors,514,"Additionally, if we are unable to match or surpass the advances of artificial intelligence that our competitors implement for their products or for internal operations, our competitive position could be impacted.",true,artificial intelligence,Yesenia Garcia,Risk,Competitive,Investment Cost & Uncertainty,,,done,true,true,,1,,,disputed,,,,,,2687,9684,10,false,,,0,,false,false,,false
0000315189,DEERE & CO,2025,0001104659-25-122321,Item 1A - Risk Factors,514,"Additionally, if we are unable to match or surpass the advances of artificial intelligence that our competitors implement for their products or for internal operations, our competitive position could be impacted.",true,artificial intelligence,Yesenia Garcia,Risk,Competitive,Market Share Uncertainty,,,done,true,false,,1,,,disputed,,,,,,2687,9685,10,false,,,0,,false,false,,false
0000315189,DEERE & CO,2025,0001104659-25-122321,Item 1A - Risk Factors,515,"Furthermore, any confidential information that is disclosed to a third-party generative artificial intelligence platform could be leaked or disclosed to others, including sensitive information that is used to train the third parties’ model.",true,artificial intelligence; generative,Naomi Ichiriu,Risk,Sociotechnical,Privacy & Security,,,done,false,false,,1,,,agreed,,,,,,2687,7298,9,false,,,0,,false,false,,false
0000315189,DEERE & CO,2025,0001104659-25-122321,Item 1A - Risk Factors,515,"Furthermore, any confidential information that is disclosed to a third-party generative artificial intelligence platform could be leaked or disclosed to others, including sensitive information that is used to train the third parties’ model.",true,artificial intelligence; generative,Yesenia Garcia,Risk,Sociotechnical,Privacy & Security,,,done,false,false,,1,,,agreed,,,,,,2687,9686,10,false,,,0,,false,false,,false
0000315189,DEERE & CO,2025,0001104659-25-122321,Item 1A - Risk Factors,516,"Additionally, if the data used to train the solution or the content, analyses, or recommendations that the machine learning and intelligence applications assist in producing is deemed to be inaccurate, incomplete, biased or questionable, our brand and reputation may be harmed, and we may be subject to legal liability claims.",true,machine learning,Naomi Ichiriu,Risk,Sociotechnical,Human-centered,,,done,true,true,,1,,,disputed,,,,,,2687,7299,9,false,,,0,,false,false,,false
0000315189,DEERE & CO,2025,0001104659-25-122321,Item 1A - Risk Factors,516,"Additionally, if the data used to train the solution or the content, analyses, or recommendations that the machine learning and intelligence applications assist in producing is deemed to be inaccurate, incomplete, biased or questionable, our brand and reputation may be harmed, and we may be subject to legal liability claims.",true,machine learning,Naomi Ichiriu,Risk,Reputational,Individual or Organizational Reputation,,,done,true,true,,1,,,disputed,,,,,,2687,7301,9,false,,,0,,false,false,,false
0000315189,DEERE & CO,2025,0001104659-25-122321,Item 1A - Risk Factors,517,"The development of our own artificial intelligence applications will require additional investment in the development of proprietary systems, models, or datasets, which are complex, costly and could impact the results of our operations.",true,artificial intelligence,Naomi Ichiriu,Risk,Competitive,Investment Cost & Uncertainty,,,done,false,false,,1,,,agreed,,,,,,2687,7302,9,false,,,0,,false,false,,false
0000315189,DEERE & CO,2025,0001104659-25-122321,Item 1A - Risk Factors,517,"The development of our own artificial intelligence applications will require additional investment in the development of proprietary systems, models, or datasets, which are complex, costly and could impact the results of our operations.",true,artificial intelligence,Yesenia Garcia,Risk,Competitive,Investment Cost & Uncertainty,,,done,false,false,,1,,,agreed,,,,,,2687,9687,10,false,,,0,,false,false,,false
0000315189,DEERE & CO,2025,0001104659-25-122321,Item 1A - Risk Factors,518,"Developing, testing, and deploying these technologies may also increase the cost profile of our products due to the level of investment needed to enable such initiatives.",false,,Naomi Ichiriu,Risk,Competitive,Investment Cost & Uncertainty,,,done,true,true,,1,,,disputed,,,,,,2687,7303,9,false,,,0,,false,false,,false
0000315189,DEERE & CO,2025,0001104659-25-122321,Item 1A - Risk Factors,534,"These laws, regulations, and executive orders cover a variety of subjects, including advertising, anti-money laundering, antitrust, autonomy systems, consumer finance, environmental, climate-related, health and safety, foreign exchange controls and cash repatriation restrictions, foreign ownership and investment, import/export and trade, human rights, labor and employment, product liability reporting, cybersecurity, data privacy, encryption, artificial intelligence, telecommunications, and drones.",true,artificial intelligence; cybersecurity,Naomi Ichiriu,Risk,Legal,Uncertainty & Complexity,,,done,false,false,,1,,,agreed,,,,,,2687,7304,9,false,,,0,,false,false,,false
0000315189,DEERE & CO,2025,0001104659-25-122321,Item 1A - Risk Factors,534,"These laws, regulations, and executive orders cover a variety of subjects, including advertising, anti-money laundering, antitrust, autonomy systems, consumer finance, environmental, climate-related, health and safety, foreign exchange controls and cash repatriation restrictions, foreign ownership and investment, import/export and trade, human rights, labor and employment, product liability reporting, cybersecurity, data privacy, encryption, artificial intelligence, telecommunications, and drones.",true,artificial intelligence; cybersecurity,Yesenia Garcia,Risk,Legal,Uncertainty & Complexity,,,done,false,false,,1,,,agreed,,,,,,2687,9688,10,false,,,0,,false,false,,false
0000315189,DEERE & CO,2025,0001104659-25-122321,Item 16 - 10-K Summary,722,"global and regional political conditions, including the ongoing war between Russia and Ukraine and the conflicts in the Middle East; shifts in energy, including positions with respect to biofuels, economic, and positions on government subsidies of farming; capital market disruptions; foreign currency and capital control policies; right to repair regulations and legislation; weather conditions; marketplace pace of adoption and monetization of technologies we have invested in; our ability to strengthen our digital capabilities, artificial intelligence, automation, and autonomy; changes in demand and pricing for new and used equipment; delays or disruptions in our supply chain; significant fluctuations in foreign currency exchange rates; volatility in the prices of many commodities; slower economic growth.",true,artificial intelligence; AI,Naomi Ichiriu,Risk,"AI Safety (General, Broad)",-,,,done,true,true,,1,,,disputed,,,,,,2687,7305,9,false,,,0,,false,false,,false
0000315189,DEERE & CO,2025,0001104659-25-122321,Item 16 - 10-K Summary,2096,"the ability to execute business strategies, including our Smart Industrial Operating Model and refined Leap Ambitions; dealer practices and their ability to manage new and used inventory, distribute our products, and to provide support and service for precision technology solutions; the ability to realize anticipated benefits of acquisitions and joint ventures, including challenges with successfully integrating operations and internal control processes; negative claims or publicity that damage our reputation or brand; the ability to attract, develop, engage, and retain qualified employees; the impact of workforce reductions on company culture, employee retention and morale, and institutional knowledge; labor relations and contracts, including work stoppages and other disruptions; security breaches, cybersecurity attacks, technology failures, and other disruptions to our information technology infrastructure and products; leveraging artificial intelligence and machine learning within our business processes; changes to existing laws and regulations, including the implementation of new, more stringent laws, as well as compliance with a variety of U.S., foreign, and international laws, regulations, and policies relating to, but not limited to the following: advertising, anti-bribery and anti-corruption, anti-money laundering, antitrust, consumer finance, cybersecurity, data privacy, encryption, environmental (including climate change and engine emissions), farming, foreign exchange controls and cash repatriation restrictions, foreign ownership and investment, health and safety, human rights, import / export and trade, labor and employment, product liability, tariffs, tax, telematics, and telecommunications; governmental and other actions designed to address climate change in connection with a transition to a lower-carbon economy; warranty claims, post-sales repairs or recalls, product liability litigation, and regulatory investigations because of the deficient operation of our products; investigations, claims, lawsuits, or other legal proceedings, including the lawsuit filed by the Federal Trade Commission (FTC) and the Attorneys General of the States of Arizona, Illinois, Michigan, Minnesota, and Wisconsin alleging that we unlawfully withheld self-repair capabilities from farmers and independent repair providers; loss of or challenges to intellectual property rights.",true,artificial intelligence; cybersecurity; machine learning; AI,Naomi Ichiriu,Risk,"AI Safety (General, Broad)",-,,,done,false,false,,1,,,agreed,,,,,,2687,7306,9,false,,,0,,false,false,,false
0000315189,DEERE & CO,2025,0001104659-25-122321,Item 16 - 10-K Summary,2096,"the ability to execute business strategies, including our Smart Industrial Operating Model and refined Leap Ambitions; dealer practices and their ability to manage new and used inventory, distribute our products, and to provide support and service for precision technology solutions; the ability to realize anticipated benefits of acquisitions and joint ventures, including challenges with successfully integrating operations and internal control processes; negative claims or publicity that damage our reputation or brand; the ability to attract, develop, engage, and retain qualified employees; the impact of workforce reductions on company culture, employee retention and morale, and institutional knowledge; labor relations and contracts, including work stoppages and other disruptions; security breaches, cybersecurity attacks, technology failures, and other disruptions to our information technology infrastructure and products; leveraging artificial intelligence and machine learning within our business processes; changes to existing laws and regulations, including the implementation of new, more stringent laws, as well as compliance with a variety of U.S., foreign, and international laws, regulations, and policies relating to, but not limited to the following: advertising, anti-bribery and anti-corruption, anti-money laundering, antitrust, consumer finance, cybersecurity, data privacy, encryption, environmental (including climate change and engine emissions), farming, foreign exchange controls and cash repatriation restrictions, foreign ownership and investment, health and safety, human rights, import / export and trade, labor and employment, product liability, tariffs, tax, telematics, and telecommunications; governmental and other actions designed to address climate change in connection with a transition to a lower-carbon economy; warranty claims, post-sales repairs or recalls, product liability litigation, and regulatory investigations because of the deficient operation of our products; investigations, claims, lawsuits, or other legal proceedings, including the lawsuit filed by the Federal Trade Commission (FTC) and the Attorneys General of the States of Arizona, Illinois, Michigan, Minnesota, and Wisconsin alleging that we unlawfully withheld self-repair capabilities from farmers and independent repair providers; loss of or challenges to intellectual property rights.",true,artificial intelligence; cybersecurity; machine learning; AI,Yesenia Garcia,Risk,"AI Safety (General, Broad)",-,,,done,false,false,,1,,,agreed,,,,,,2687,9689,10,false,,,0,,false,false,,false
